,City,Country,Date,Lat,Lng,Max Temp,Humidity,Cloudiness,Wind Speed,Current Description
0,Severo-Kurilsk,RU,1619221269,50.6789,156.125,2.92,88,97,3.47,overcast clouds
1,Atuona,PF,1619220978,-9.8,-139.0333,26.85,79,28,9.99,scattered clouds
2,Ardakan,IR,1619221590,32.31,54.0175,26.0,18,40,2.06,scattered clouds
3,Mar Del Plata,AR,1619221328,-38.0023,-57.5575,20.56,83,0,4.12,moderate rain
4,Pyaozerskiy,RU,1619221590,65.8333,31.1667,0.57,99,100,1.39,overcast clouds
5,Busselton,AU,1619221263,-33.65,115.3333,16.11,75,93,1.79,overcast clouds
6,Cidreira,BR,1619221252,-30.1811,-50.2056,21.54,79,2,8.04,clear sky
7,Butaritari,KI,1619221214,3.0707,172.7902,27.85,77,82,3.95,light rain
8,Rikitea,PF,1619221200,-23.1203,-134.9692,26.09,68,100,7.15,overcast clouds
9,Mataura,NZ,1619221223,-46.1927,168.8643,11.67,85,77,0.89,broken clouds
10,Bambous Virieux,MU,1619221283,-20.3428,57.7575,26.0,78,40,4.12,light rain
11,Avera,US,1619221257,33.194,-82.5271,20.0,32,40,2.57,scattered clouds
12,Cherskiy,RU,1619221288,68.75,161.3,-4.2,92,100,1.78,light snow
13,Kodiak,US,1619221277,57.79,-152.4072,5.0,81,90,2.06,light rain
14,Puerto Colombia,CO,1619221591,10.9878,-74.9547,26.41,86,76,10.73,broken clouds
15,Kapaa,US,1619221209,22.0752,-159.319,27.0,61,75,6.69,broken clouds
16,Hobart,AU,1619221172,-42.8794,147.3294,12.78,71,40,5.66,scattered clouds
17,Qaanaaq,GL,1619221275,77.484,-69.3632,-7.89,83,99,2.48,overcast clouds
18,Tuktoyaktuk,CA,1619221232,69.4541,-133.0374,-8.0,67,75,5.14,broken clouds
19,Punta Arenas,CL,1619220960,-53.15,-70.9167,7.0,93,75,0.51,broken clouds
20,Albany,US,1619220985,42.6001,-73.9662,13.0,33,20,8.23,few clouds
21,Antofagasta,CL,1619221341,-23.65,-70.4,17.0,72,20,2.57,few clouds
22,Ponta Do Sol,PT,1619221273,32.6667,-17.1,15.56,76,53,1.79,broken clouds
23,Vaini,TO,1619221197,-21.2,-175.2,29.0,79,20,2.57,few clouds
24,Henties Bay,NA,1619221328,-22.116,14.2845,16.67,87,13,2.24,few clouds
25,Loutros,GR,1619221592,40.5883,22.3994,12.78,92,100,0.55,overcast clouds
26,Hilo,US,1619220987,19.7297,-155.09,28.0,54,40,5.66,light rain
27,Plettenberg Bay,ZA,1619221593,-34.0527,23.3716,15.79,91,37,2.06,scattered clouds
28,Port Alfred,ZA,1619220995,-33.5906,26.891,18.93,73,0,9.05,clear sky
29,Myslenice,PL,1619221593,49.8338,19.9383,4.44,81,75,2.57,broken clouds
30,Korla,CN,1619221410,41.7597,86.1469,6.4,58,36,3.36,scattered clouds
31,Narsaq,GL,1619221308,60.9167,-46.05,5.0,60,1,2.57,clear sky
32,Bengkulu,ID,1619221287,-3.8004,102.2655,23.38,88,94,1.6,overcast clouds
33,Yellowknife,CA,1619221210,62.456,-114.3525,-7.78,57,75,4.63,broken clouds
34,Yar-Sale,RU,1619221594,66.8333,70.8333,0.64,98,100,4.54,overcast clouds
35,Hithadhoo,MV,1619221338,-0.6,73.0833,27.84,73,22,3.5,few clouds
36,Roma,US,1619221298,43.2128,-75.4557,14.0,33,1,9.26,clear sky
37,Cape Town,ZA,1619220997,-33.9258,18.4232,14.44,88,0,3.09,clear sky
38,Puerto Ayora,EC,1619221261,-0.7393,-90.3518,25.56,93,45,2.68,scattered clouds
39,Provideniya,RU,1619221294,64.3833,-173.3,5.06,54,71,2.13,broken clouds
40,Port Lincoln,AU,1619221295,-34.7333,135.8667,16.83,64,80,2.84,broken clouds
41,Bonthe,SL,1619221041,7.5264,-12.505,26.21,83,93,2.71,overcast clouds
42,Bluff,NZ,1619221269,-46.6,168.3333,11.67,85,88,0.89,overcast clouds
43,Dwarka,IN,1619221414,22.2394,68.9678,27.19,79,100,4.67,overcast clouds
44,Bristol,US,1619221594,41.8334,-71.1662,13.33,32,39,1.79,scattered clouds
45,Saint-Philippe,RE,1619221284,-21.3585,55.7679,25.0,83,40,7.72,light rain
46,Newport,GB,1619221305,51.5877,-2.9984,10.0,57,95,5.14,overcast clouds
47,Fare,PF,1619221595,-16.7,-151.0167,26.87,72,79,4.75,broken clouds
48,East London,ZA,1619221013,-33.0153,27.9116,17.59,76,9,4.06,clear sky
49,Adrar,MR,1619221261,20.5022,-10.0711,25.51,13,1,4.69,clear sky
50,Blytheville,US,1619221556,35.9273,-89.919,19.0,42,90,4.12,overcast clouds
51,Nikolskoye,RU,1619221010,59.7035,30.7861,2.78,86,40,2.0,scattered clouds
52,Georgetown,MY,1619221182,5.4112,100.3354,26.0,89,40,1.54,moderate rain
53,Tasiilaq,GL,1619221264,65.6145,-37.6368,3.0,52,75,7.2,broken clouds
54,Hidalgotitlan,MX,1619221596,17.7833,-94.6333,35.0,52,40,5.14,scattered clouds
55,Sao Filipe,CV,1619221200,14.8961,-24.4956,22.39,74,32,4.56,scattered clouds
56,Avarua,CK,1619220961,-21.2078,-159.775,28.0,74,40,8.75,light rain
57,Ushuaia,AR,1619221235,-54.8,-68.3,5.0,93,75,2.57,broken clouds
58,Praia,CV,1619221293,14.9215,-23.5087,21.0,73,20,7.2,few clouds
59,Mahajanga,MG,1619221597,-15.7167,46.3167,24.0,88,20,1.03,few clouds
60,Mutis,CO,1619221597,6.2262,-77.4044,26.66,84,97,2.39,light rain
61,Cabo San Lucas,MX,1619221306,22.8909,-109.9124,29.0,36,20,2.06,few clouds
62,Worcester,US,1619221597,42.3334,-71.8328,13.0,26,1,7.2,clear sky
63,Berck,FR,1619221598,50.4,1.6,8.0,66,0,5.14,clear sky
64,Geraldton,AU,1619221424,-28.7667,114.6,17.0,72,90,3.6,overcast clouds
65,Lamar,US,1619221599,33.6668,-95.5836,17.22,94,90,8.23,overcast clouds
66,Kavaratti,IN,1619221275,10.5669,72.642,28.58,73,15,3.21,few clouds
67,New Norfolk,AU,1619221258,-42.7826,147.0587,12.78,79,98,3.58,overcast clouds
68,Broken Hill,AU,1619221599,-31.95,141.4333,14.0,58,85,2.57,light rain
69,Karratha,AU,1619221104,-20.7377,116.8463,25.84,24,0,6.77,clear sky
70,Jamestown,US,1619220958,42.097,-79.2353,11.0,43,1,5.66,haze
71,Kungurtug,RU,1619221600,50.5994,97.5228,-2.32,93,100,1.04,snow
72,Keetmanshoop,NA,1619221600,-26.5833,18.1333,21.0,24,2,4.12,clear sky
73,La Asuncion,VE,1619221601,11.0333,-63.8628,32.0,58,10,11.32,clear sky
74,Taoudenni,ML,1619221601,22.6783,-3.9836,31.22,6,0,4.09,clear sky
75,Pisco,PE,1619221294,-13.7,-76.2167,19.0,82,0,5.14,clear sky
76,Ajdabiya,LY,1619221601,30.7554,20.2263,25.14,16,57,7.67,broken clouds
77,Kuah,MY,1619221602,6.3265,99.8432,25.0,94,20,2.06,moderate rain
78,Luderitz,NA,1619221277,-26.6481,15.1594,17.93,75,42,2.89,scattered clouds
79,Talnakh,RU,1619221272,69.4865,88.3972,-0.24,97,100,4.38,snow
80,Barrow,US,1619221269,71.2906,-156.7887,-3.0,74,1,3.09,clear sky
81,Castro,BR,1619221224,-24.7911,-50.0119,13.05,72,12,1.63,few clouds
82,Goderich,CA,1619221555,43.7501,-81.7165,12.0,43,41,4.12,scattered clouds
83,Siwana,IN,1619221602,25.6333,72.4167,26.72,39,26,2.6,scattered clouds
84,Kaitangata,NZ,1619221345,-46.2817,169.8464,13.33,73,48,0.45,scattered clouds
85,Maningrida,AU,1619221603,-12.0667,134.2667,27.19,47,58,6.89,broken clouds
86,Port Blair,IN,1619221262,11.6667,92.75,27.41,68,100,2.51,overcast clouds
87,Thompson,CA,1619221265,55.7435,-97.8558,-3.0,43,75,4.12,broken clouds
88,Carnarvon,AU,1619221257,-24.8667,113.6333,17.0,67,0,4.12,clear sky
89,Srednekolymsk,RU,1619221258,67.45,153.6833,-10.14,92,100,8.3,light snow
90,Chifeng,CN,1619221291,42.2683,118.9636,10.44,75,100,4.08,overcast clouds
91,Constitucion,CL,1619221279,-35.3333,-72.4167,13.09,79,0,4.65,clear sky
92,Los Llanos De Aridane,ES,1619221208,28.6585,-17.9182,20.0,60,40,4.12,scattered clouds
93,Esperance,AU,1619221289,-33.8667,121.9,13.0,88,98,4.12,overcast clouds
94,Tiksi,RU,1619221263,71.6872,128.8694,-10.76,87,99,4.07,overcast clouds
95,Puerto Leguizamo,CO,1619221337,-0.1934,-74.7819,23.8,98,74,1.3,moderate rain
96,Peniche,PT,1619221603,39.3558,-9.3811,14.44,89,45,0.89,scattered clouds
97,Trujillo,PE,1619221563,-8.116,-79.03,18.0,88,20,5.14,few clouds
98,Lugazi,UG,1619221603,0.3772,32.9197,20.0,94,40,2.57,light rain
99,Jalalpur Pirwala,PK,1619221484,29.5069,71.2192,22.42,29,0,2.28,clear sky
100,Pitmedden,GB,1619221604,57.3369,-2.1802,4.0,87,98,1.03,overcast clouds
101,Kalmunai,LK,1619221604,7.4167,81.8167,26.23,83,6,1.18,clear sky
102,Marsh Harbour,BS,1619221348,26.5412,-77.0636,23.16,70,69,5.99,broken clouds
103,Kupang,ID,1619221605,-10.1667,123.5833,26.78,78,7,2.92,clear sky
104,Bethel,US,1619221326,41.3712,-73.414,17.0,17,1,6.69,clear sky
105,Saint-Augustin,CA,1619221057,51.226,-58.6502,0.21,97,100,6.36,snow
106,Assare,BR,1619221605,-6.8744,-39.875,23.05,85,68,0.85,broken clouds
107,Boa Vista,BR,1619221350,2.8197,-60.6733,29.0,65,75,4.12,broken clouds
108,Tiznit,MA,1619221288,29.5833,-9.5,14.77,85,63,2.14,broken clouds
109,Ternate,ID,1619221606,0.8,127.4,28.43,74,54,2.34,broken clouds
110,Ancud,CL,1619221606,-41.8697,-73.8203,11.11,93,20,1.54,few clouds
111,Iqaluit,CA,1619221241,63.7506,-68.5145,-2.0,93,90,1.54,light snow
112,Pringsewu,ID,1619221606,-5.3582,104.9744,23.65,89,8,1.74,clear sky
113,Thinadhoo,MV,1619221480,0.5333,72.9333,27.94,68,10,3.83,clear sky
114,Khatanga,RU,1619220976,71.9667,102.5,0.42,98,100,8.93,light snow
115,Seydi,TM,1619221607,39.4816,62.9137,20.03,16,93,2.44,overcast clouds
116,Kavieng,PG,1619221062,-2.5744,150.7967,26.81,80,100,2.09,moderate rain
117,Yekimovichi,RU,1619221607,54.1129,33.2965,1.59,86,93,2.02,light snow
118,Sobral,BR,1619221607,-3.6861,-40.3497,23.44,95,93,0.87,overcast clouds
119,Tiarei,PF,1619221608,-17.5333,-149.3333,30.0,66,75,5.14,broken clouds
120,Port Elizabeth,ZA,1619221264,-33.918,25.5701,16.0,88,0,3.09,clear sky
121,North Mankato,US,1619221608,44.1733,-94.0339,12.0,62,90,1.54,overcast clouds
122,Airai,TL,1619221327,-8.9266,125.4092,19.97,65,15,1.29,few clouds
123,Yarmouth,US,1619221560,41.7057,-70.2286,11.11,54,1,5.66,clear sky
124,Arraial Do Cabo,BR,1619221257,-22.9661,-42.0278,23.71,77,26,6.01,scattered clouds
125,Upernavik,GL,1619221259,72.7868,-56.1549,-2.09,85,100,1.56,overcast clouds
126,Solnechnyy,RU,1619221515,50.7214,136.6319,3.72,54,48,2.46,scattered clouds
127,Kruisfontein,ZA,1619221259,-34.0033,24.7314,15.56,92,21,0.45,few clouds
128,Zheleznodorozhnyy,RU,1619221609,55.7503,38.0042,5.56,93,90,5.0,heavy intensity rain
129,Hermanus,ZA,1619221167,-34.4187,19.2345,13.33,88,86,2.66,overcast clouds
130,Coquimbo,CL,1619221397,-29.9533,-71.3436,15.0,77,0,3.09,clear sky
131,Saskylakh,RU,1619221280,71.9167,114.0833,1.02,96,100,9.35,overcast clouds
132,Sakakah,SA,1619221609,29.9697,40.2064,25.0,13,0,4.12,clear sky
133,Ilhabela,BR,1619221610,-23.7781,-45.3581,21.97,85,53,1.95,broken clouds
134,Leningradskiy,RU,1619221342,69.3833,178.4167,-1.57,85,99,1.99,overcast clouds
135,Lasa,IT,1619221167,46.6166,10.7002,7.22,60,0,2.06,clear sky
136,San Juan,AR,1619221357,-31.5375,-68.5364,19.24,44,12,4.36,few clouds
137,Kihei,US,1619221610,20.785,-156.4656,29.0,48,20,11.32,few clouds
138,Torbay,CA,1619221256,47.6666,-52.7314,3.33,87,20,9.26,few clouds
139,Pevek,RU,1619221000,69.7008,170.3133,-8.41,86,44,0.19,scattered clouds
140,Labuhan,ID,1619221407,-6.8844,112.2051,25.41,80,14,2.53,few clouds
141,Alekseyevsk,RU,1619221511,57.8406,108.3492,1.07,84,63,0.64,broken clouds
142,Santa Fe,AR,1619221611,-31.6333,-60.7,20.56,94,75,2.57,moderate rain
143,Lompoc,US,1619221264,34.6391,-120.4579,15.0,63,0,6.17,clear sky
144,Katherine,AU,1619221091,-14.4667,132.2667,22.0,35,76,6.17,broken clouds
145,Champerico,GT,1619221279,14.3,-91.9167,30.0,74,75,3.09,broken clouds
146,Lebu,CL,1619221275,-37.6167,-73.65,11.67,92,37,2.77,scattered clouds
147,Ayagoz,KZ,1619221611,47.9714,80.4392,-3.12,62,6,2.35,clear sky
148,Hasaki,JP,1619221282,35.7333,140.8333,15.0,67,20,3.09,few clouds
149,Hamilton,US,1619221198,39.1834,-84.5333,14.0,47,75,2.06,broken clouds
150,Dikson,RU,1619221028,73.5069,80.5464,0.09,97,100,7.35,overcast clouds
151,Acarau,BR,1619221281,-2.8856,-40.12,26.2,82,48,4.63,scattered clouds
152,Badarganj,BD,1619221612,25.674,89.0549,24.52,32,6,2.99,clear sky
153,Ormara,PK,1619221372,25.2088,64.6357,26.81,81,0,3.26,clear sky
154,Lukaya,UG,1619221612,-0.1489,31.8748,20.0,94,40,2.57,scattered clouds
155,Mount Isa,AU,1619221218,-20.7333,139.5,23.0,31,40,4.63,scattered clouds
156,Swellendam,ZA,1619221612,-34.0226,20.4417,10.0,93,56,2.06,broken clouds
157,Chute-Aux-Outardes,CA,1619221613,49.1168,-68.399,4.0,70,90,7.2,overcast clouds
158,Faanui,PF,1619221613,-16.4833,-151.75,26.78,75,87,5.14,light rain
159,Dillenburg,DE,1619221613,50.7333,8.2833,1.67,85,16,1.38,few clouds
160,Longyearbyen,SJ,1619221272,78.2186,15.6401,-9.0,62,75,3.09,broken clouds
161,Boralday,KZ,1619221613,43.3578,76.8594,-3.0,80,20,2.0,few clouds
162,Padang,ID,1619221346,-0.9492,100.3543,23.0,94,20,1.03,mist
163,Morbach,DE,1619221614,49.8167,7.1167,4.44,70,0,2.06,clear sky
164,Roanoke Rapids,US,1619221614,36.4615,-77.6542,15.0,51,40,1.54,scattered clouds
165,Chuy,UY,1619221279,-33.6971,-53.4616,19.19,84,13,5.66,few clouds
166,Hofn,IS,1619221278,64.2539,-15.2082,6.74,77,99,1.76,overcast clouds
167,Moranbah,AU,1619221615,-22.0016,148.0466,18.07,57,100,7.7,overcast clouds
168,Laredo,US,1619221505,27.5064,-99.5075,35.0,28,1,1.73,clear sky
169,Saint-Pierre,RE,1619221615,-21.3393,55.4781,25.0,83,40,7.72,light rain
170,Shingu,JP,1619221615,33.7333,135.9833,16.0,67,75,2.06,broken clouds
171,Aklavik,CA,1619221217,68.2191,-135.0107,4.0,45,75,1.54,broken clouds
172,Samarai,PG,1619221478,-10.6167,150.6667,29.19,73,94,4.81,overcast clouds
173,Tura,IN,1619221616,25.5198,90.2201,22.22,37,45,2.14,scattered clouds
174,Buala,SB,1619221328,-8.145,159.5921,29.57,65,13,1.92,few clouds
175,Caravelas,BR,1619221616,-17.7125,-39.2481,23.5,85,26,2.18,scattered clouds
177,Matay,EG,1619221617,28.419,30.7792,19.11,44,0,7.02,clear sky
178,Alihe,CN,1619221617,50.5667,123.7167,5.85,23,19,3.61,few clouds
179,Bredasdorp,ZA,1619221203,-34.5322,20.0403,10.0,93,92,2.06,overcast clouds
180,Amarante Do Maranhao,BR,1619221618,-5.5667,-46.7422,23.04,95,66,1.06,broken clouds
181,Suozhen,CN,1619221618,36.9539,118.1047,11.99,87,100,5.57,overcast clouds
182,Sinnamary,GF,1619221332,5.3833,-52.95,25.27,89,100,5.43,moderate rain
183,Chokurdakh,RU,1619221257,70.6333,147.9167,-14.39,84,52,0.27,broken clouds
184,Najran,SA,1619221180,17.4924,44.1277,22.0,24,0,1.2,clear sky
185,Victoria,HK,1619221326,22.2855,114.1577,25.56,87,29,0.89,scattered clouds
186,Hami,CN,1619221287,42.8,93.45,7.28,27,67,4.92,broken clouds
187,Inverell,AU,1619221619,-29.7833,151.1167,18.89,62,16,0.47,few clouds
188,Te Anau,NZ,1619221337,-45.4167,167.7167,10.25,75,81,2.08,broken clouds
190,Husavik,IS,1619221581,66.0449,-17.3389,6.0,81,0,0.51,clear sky
191,Torres,BR,1619221620,-29.3353,-49.7269,18.94,90,14,3.06,few clouds
192,Concordia,AR,1619221620,-31.393,-58.0209,19.13,90,99,2.45,overcast clouds
193,Ponta Delgada,PT,1619221476,37.7333,-25.6667,15.0,67,75,7.72,broken clouds
194,Lata,PT,1619221323,40.1629,-8.3327,16.11,94,40,2.06,scattered clouds
195,Zaysan,KZ,1619221621,47.4667,84.8667,-1.22,65,91,3.9,overcast clouds
196,Sitka,US,1619221276,57.0531,-135.33,16.0,20,20,4.12,few clouds
197,Were Ilu,ET,1619221621,10.6,39.4333,10.99,85,75,2.53,broken clouds
198,Takoradi,GH,1619221521,4.8845,-1.7554,27.59,84,100,3.78,overcast clouds
199,Tuatapere,NZ,1619221270,-46.1333,167.6833,11.67,85,98,0.89,overcast clouds
200,Biryusinsk,RU,1619221622,55.9634,97.8235,0.7,69,100,4.05,overcast clouds
201,Petropavlovsk-Kamchatskiy,RU,1619221622,53.0452,158.6483,6.0,65,68,2.0,broken clouds
202,Namibe,AO,1619221281,-15.1961,12.1522,25.51,76,1,0.78,clear sky
203,Cockburn Town,TC,1619221343,21.4612,-71.1419,26.0,73,40,5.14,scattered clouds
204,Itarema,BR,1619221429,-2.9248,-39.9167,26.35,80,59,4.53,broken clouds
205,Mahina,PF,1619221623,-17.5065,-149.489,30.0,66,75,5.14,broken clouds
206,Celestun,MX,1619221619,20.8667,-90.4,30.09,57,44,4.77,scattered clouds
207,Sergeyevka,KZ,1619221623,53.88,67.4158,4.04,51,100,4.99,overcast clouds
208,Batemans Bay,AU,1619221559,-35.7167,150.1833,17.22,48,18,0.49,few clouds
209,Dedza,MW,1619221624,-14.3779,34.3332,11.68,91,22,0.79,few clouds
210,Yulara,AU,1619221052,-25.2406,130.9889,15.0,51,3,4.12,clear sky
211,Matara,LK,1619221277,5.9485,80.5353,24.99,89,68,2.43,broken clouds
212,Tateyama,JP,1619221364,34.9833,139.8667,16.0,63,75,6.17,broken clouds
213,Pangnirtung,CA,1619221309,66.1451,-65.7125,0.24,85,100,2.05,overcast clouds
214,Alcaniz,ES,1619221624,41.05,-0.1333,8.33,94,83,1.79,broken clouds
215,Urumqi,CN,1619221624,43.801,87.6005,1.0,69,75,3.0,broken clouds
216,Igarka,RU,1619221516,67.4667,86.5833,-2.54,93,63,7.53,broken clouds
217,Ishigaki,JP,1619221278,24.3448,124.1572,23.0,78,40,10.29,scattered clouds
218,Glotovka,RU,1619221625,53.9491,46.7042,6.58,83,100,1.23,overcast clouds
219,Rajanpur,PK,1619221625,29.1035,70.325,23.53,23,0,3.19,clear sky
220,Kishtwar,IN,1619221626,33.3167,75.7667,4.33,69,44,2.9,scattered clouds
221,Coos Bay,US,1619221626,43.3665,-124.2179,15.56,66,1,4.12,clear sky
222,Aromashevo,RU,1619221627,56.8602,68.6375,3.84,57,100,4.57,overcast clouds
223,Port-Gentil,GA,1619221270,-0.7193,8.7815,27.14,82,76,3.13,broken clouds
224,Chapais,CA,1619221627,49.7834,-74.8492,10.0,32,1,6.17,clear sky
225,Hattiesburg,US,1619221627,31.3271,-89.2903,23.0,46,1,7.2,clear sky
226,Aksarka,RU,1619221627,66.5606,67.7975,-1.5,94,67,3.43,broken clouds
227,Fairbanks,US,1619221203,64.8378,-147.7164,14.0,26,1,4.12,clear sky
228,Kutum,SD,1619221397,14.2,24.6667,25.42,18,73,3.73,broken clouds
229,Kahului,US,1619221367,20.8947,-156.47,29.0,48,20,11.32,few clouds
230,Broome,US,1619221349,42.2506,-75.833,13.0,28,1,5.14,clear sky
231,Kozhva,RU,1619221631,65.1073,57.0459,2.09,92,68,2.53,broken clouds
232,Camana,PE,1619221394,-16.6228,-72.7111,19.86,80,28,3.3,scattered clouds
233,Siyabuswa,ZA,1619221631,-25.1132,29.0445,15.3,45,46,2.88,scattered clouds
234,Souillac,MU,1619221331,-20.5167,57.5167,26.0,78,40,4.12,light rain
235,Alta Floresta,BR,1619221347,-9.8756,-56.0861,22.18,94,11,0.82,few clouds
236,Coihaique,CL,1619221366,-45.5752,-72.0662,9.0,71,75,1.54,broken clouds
237,Saint Anthony,US,1619221632,45.0205,-93.218,9.0,81,90,0.4,overcast clouds
238,Praia Da Vitoria,PT,1619221628,38.7333,-27.0667,14.44,82,40,15.22,scattered clouds
239,Vila,PT,1619221632,42.0304,-8.1588,12.78,94,94,0.45,overcast clouds
240,Laguna,US,1619221566,38.421,-121.4238,25.56,38,1,4.63,clear sky
241,Cacule,BR,1619221632,-14.5033,-42.2222,24.4,61,96,0.52,overcast clouds
242,Sorland,NO,1619221633,67.667,12.6934,2.68,55,100,10.21,overcast clouds
243,Teguise,ES,1619221633,29.0605,-13.564,21.0,73,20,3.09,few clouds
244,Ixtapa,MX,1619221360,20.7,-105.2,28.0,65,20,6.69,few clouds
245,Santa Cruz,BO,1619221026,-17.8,-63.1667,22.0,94,75,2.57,moderate rain
246,Puri,IN,1619221589,19.8,85.85,26.0,94,40,3.61,haze
247,Manzhouli,CN,1619221634,49.6,117.4333,5.32,16,100,2.65,overcast clouds
248,Makaha,US,1619221634,21.4694,-158.2175,28.0,73,75,6.17,broken clouds
249,Halifax,CA,1619221148,44.6453,-63.5724,8.0,53,86,4.12,overcast clouds
250,Igualada,ES,1619221634,41.581,1.6172,7.78,82,75,0.92,broken clouds
251,Westport,US,1619221279,41.1415,-73.3579,17.0,20,1,7.72,clear sky
252,Marawi,PH,1619221435,7.9986,124.2928,24.45,72,92,1.89,overcast clouds
253,Bandarbeyla,SO,1619221387,9.4942,50.8122,28.14,73,91,2.6,overcast clouds
254,Amapa,BR,1619221635,1.0,-52.0,22.47,99,100,0.75,overcast clouds
255,Brumadinho,BR,1619221635,-20.1433,-44.1997,24.0,73,0,1.6,clear sky
256,Nokaneng,BW,1619221635,-19.6667,22.2667,16.51,35,0,2.86,clear sky
257,Linqiong,CN,1619221636,30.4159,103.4609,20.0,77,40,3.0,scattered clouds
258,Guasdualito,VE,1619221636,7.2424,-70.7324,31.0,62,24,2.06,few clouds
259,Kudus,ID,1619221636,-6.8048,110.8405,26.0,78,20,2.57,haze
260,Huanren,CN,1619221637,41.2647,125.3667,13.58,72,94,1.98,overcast clouds
261,Kissidougou,GN,1619221637,9.1848,-10.0999,23.89,80,100,2.2,overcast clouds
262,Pindiga,NG,1619221637,9.9833,10.9333,27.64,55,76,5.44,broken clouds
263,Aitape,PG,1619221637,-3.1374,142.3475,28.82,69,100,0.69,overcast clouds
264,San Andres,CO,1619221638,12.5847,-81.7006,29.0,65,20,4.12,few clouds
265,Vardo,NO,1619221334,70.3705,31.1107,-1.0,80,40,4.63,scattered clouds
266,Magaria,NE,1619221638,12.9983,8.9099,28.11,18,3,0.92,clear sky
267,Paray-Le-Monial,FR,1619221638,46.4546,4.1158,6.11,75,0,0.51,clear sky
268,Groa,NO,1619221639,62.65,8.7167,1.0,80,75,2.57,snow
269,Nantucket,US,1619221513,41.2835,-70.0995,8.0,71,1,11.32,clear sky
270,Sokolo,ML,1619221639,14.7328,-6.1219,35.67,13,76,2.54,broken clouds
271,Sur,OM,1619221534,22.5667,59.5289,29.22,36,0,2.54,clear sky
272,Clyde River,CA,1619221339,70.4692,-68.5914,-8.0,93,90,1.54,fog
273,Greifswald,DE,1619221639,54.1,13.3833,7.22,73,73,0.45,broken clouds
274,Tucuman,AR,1619221353,-26.8241,-65.2226,20.0,88,90,1.82,overcast clouds
275,Gizo,SB,1619221640,-8.103,156.8419,29.1,69,91,3.14,overcast clouds
276,Batagay-Alyta,RU,1619221270,67.8006,130.4114,-11.18,77,13,1.51,few clouds
277,Saldanha,ZA,1619221241,-33.0117,17.9442,13.0,76,85,1.54,overcast clouds
278,Byron Bay,AU,1619221640,-28.65,153.6167,19.0,63,1,3.09,clear sky
279,Buraydah,SA,1619221359,26.326,43.975,25.0,20,0,2.57,clear sky
280,Aloleng,PH,1619221640,16.1307,119.7824,27.51,69,25,4.13,scattered clouds
281,Belyy Yar,RU,1619221629,53.6039,91.3903,-3.0,59,43,2.0,scattered clouds
282,Sibu,MY,1619221641,2.3,111.8167,25.0,88,20,1.03,few clouds
283,Jerome,US,1619221356,42.7241,-114.5186,17.0,17,1,8.23,clear sky
284,San Cristobal,VE,1619221298,7.7669,-72.225,29.0,65,20,3.6,few clouds
285,Bosarkany,HU,1619221641,47.6882,17.25,5.0,75,0,2.36,clear sky
286,Abu Dhabi,AE,1619221357,24.4667,54.3667,27.0,50,0,1.54,clear sky
288,Makakilo City,US,1619221642,21.3469,-158.0858,28.0,51,75,4.12,broken clouds
289,Nouadhibou,MR,1619221339,20.931,-17.0347,18.0,88,0,7.2,clear sky
290,Norman Wells,CA,1619221344,65.282,-126.8329,2.0,38,75,4.63,broken clouds
291,Dunedin,NZ,1619221170,-45.8742,170.5036,13.33,84,77,2.24,broken clouds
292,Portland,US,1619221326,45.5234,-122.6762,17.22,36,75,2.57,broken clouds
293,Nanortalik,GL,1619221345,60.1432,-45.2371,2.26,87,13,1.68,few clouds
294,Half Moon Bay,US,1619221642,37.4636,-122.4286,16.67,82,75,3.6,haze
295,Yatou,CN,1619221642,37.15,122.3833,10.25,85,100,7.12,light rain
296,Alberton,CA,1619221643,46.8168,-64.0654,4.0,65,98,6.17,overcast clouds
297,Guanica,PR,1619221643,17.9716,-66.908,26.11,73,16,0.89,few clouds
298,Bud,US,1619221643,39.447,-86.1758,14.0,44,90,2.06,overcast clouds
299,Luba,GQ,1619221643,3.4568,8.5547,27.66,81,100,2.41,overcast clouds
300,Preobrazheniye,RU,1619221545,42.9019,133.9064,13.0,63,100,1.68,overcast clouds
301,Tianpeng,CN,1619221385,30.9866,103.9393,19.44,1,74,0.46,broken clouds
302,Beringovskiy,RU,1619221260,63.05,179.3167,-1.97,86,99,2.24,overcast clouds
303,Ribeira Grande,PT,1619221262,38.5167,-28.7,14.71,77,41,12.79,scattered clouds
304,Nokia,FI,1619221644,61.4667,23.5,1.67,93,75,4.12,light rain
305,Cuamba,MZ,1619221644,-14.8031,36.5372,17.94,90,59,1.14,broken clouds
306,Noyabrsk,RU,1619221644,63.1994,75.4507,1.13,95,91,6.27,light rain
307,Ranau,MY,1619221644,5.9538,116.6641,26.0,89,20,1.54,few clouds
308,Bayan,CN,1619221645,46.0833,127.4,7.75,25,100,7.85,overcast clouds
309,Ahuimanu,US,1619221645,21.4447,-157.8378,28.0,73,75,8.23,light rain
310,Cayenne,GF,1619221399,4.9333,-52.3333,25.56,94,75,1.03,moderate rain
311,Halmstad,SE,1619221645,56.6745,12.8568,3.0,65,0,2.06,clear sky
312,Bafia,CM,1619221646,4.75,11.2333,21.56,97,100,0.57,overcast clouds
313,Fossombrone,IT,1619221646,43.6908,12.8127,8.89,87,0,1.03,clear sky
314,Chivay,PE,1619221646,-15.6383,-71.6011,7.95,72,43,3.22,scattered clouds
315,Dingle,PH,1619221391,10.9995,122.6711,28.56,68,100,2.55,overcast clouds
316,Portree,GB,1619221647,57.4129,-6.1942,8.33,62,100,5.81,overcast clouds
317,Van,TR,1619221242,38.4924,43.3831,6.0,52,0,2.06,clear sky
318,Ambulu,ID,1619221647,-8.345,113.6058,24.76,80,9,1.29,clear sky
319,Almancil,PT,1619221647,37.0869,-8.0307,18.0,88,75,7.72,broken clouds
320,Pacific Grove,US,1619221648,36.6177,-121.9166,15.0,82,15,4.19,few clouds
321,Lac Du Bonnet,CA,1619221620,50.2536,-96.0612,1.11,83,100,5.36,overcast clouds
322,Jakar,BT,1619221648,27.5492,90.7525,6.25,80,48,1.44,scattered clouds
323,Pauini,BR,1619221648,-7.7136,-66.9764,23.34,97,99,1.07,overcast clouds
324,La Ronge,CA,1619221346,55.1001,-105.2842,0.0,34,100,4.12,overcast clouds
325,Codrington,AU,1619221012,-38.2667,141.9667,14.98,76,99,5.31,overcast clouds
327,Katsuura,JP,1619221374,35.1333,140.3,15.0,55,40,2.06,scattered clouds
328,Zhangjiakou,CN,1619221649,40.81,114.8794,13.03,69,1,1.73,clear sky
329,Manadhoo,MV,1619221408,5.7667,73.3833,28.39,72,14,3.39,few clouds
330,Paamiut,GL,1619221336,61.994,-49.6678,-0.01,77,1,1.08,clear sky
331,Moshny,UA,1619221649,49.5147,31.7476,2.81,83,21,4.24,few clouds
332,Lerwick,GB,1619221649,60.1545,-1.1494,7.0,81,75,2.91,broken clouds
333,Poum,NC,1619221520,-20.2333,164.0167,26.49,76,96,2.43,overcast clouds
334,Boende,CD,1619221361,-0.2167,20.8667,22.03,99,100,1.25,light rain
335,Cabedelo,BR,1619221433,-6.9811,-34.8339,27.0,83,20,3.09,few clouds
336,Saint George,US,1619221298,37.1041,-113.5841,27.22,8,1,7.2,clear sky
337,Palu,ID,1619221650,-0.8917,119.8707,27.07,78,68,0.76,broken clouds
338,Zhuhai,CN,1619221650,22.2769,113.5678,28.33,94,20,4.12,few clouds
339,Mount Abu,IN,1619221627,24.6,72.7,19.9,49,44,1.18,scattered clouds
340,Maraa,BR,1619221651,-1.8333,-65.3667,23.51,97,81,1.07,broken clouds
341,Aketi,CD,1619221651,2.7388,23.7833,21.31,99,99,0.64,overcast clouds
342,Kaifeng,CN,1619221651,34.7911,114.3483,13.0,76,90,7.0,overcast clouds
343,Hailar,CN,1619221652,49.2,119.7,4.46,20,100,2.46,overcast clouds
344,Hambantota,LK,1619221386,6.1241,81.1185,25.77,84,47,2.6,scattered clouds
345,Energetik,RU,1619221652,51.7445,58.7934,6.89,73,100,6.73,overcast clouds
346,Ngunguru,NZ,1619221497,-35.6167,174.5,21.11,70,1,3.13,clear sky
347,Angoche,MZ,1619221652,-16.2325,39.9086,24.26,80,64,3.51,broken clouds
348,Ahipara,NZ,1619221342,-35.1667,173.1667,19.13,63,31,4.1,scattered clouds
349,Jardim,BR,1619221653,-21.4803,-56.1381,24.53,44,3,1.53,clear sky
350,Mahebourg,MU,1619221274,-20.4081,57.7,26.0,78,40,4.12,light rain
351,Amboasary,MG,1619221653,-25.0333,46.3833,22.0,94,40,7.2,scattered clouds
352,Kamra,PK,1619221654,33.7473,73.5111,16.11,75,0,4.61,clear sky
354,Catarman,PH,1619221654,12.4989,124.6377,27.33,79,100,3.61,overcast clouds
355,Pangody,RU,1619221654,65.85,74.4859,1.15,99,100,4.46,light rain
356,Yuanping,CN,1619221655,38.7153,112.7575,12.19,70,97,1.05,overcast clouds
357,Isangel,VU,1619221185,-19.55,169.2667,30.0,74,75,5.07,broken clouds
358,Saint-Francois,FR,1619221403,46.4154,3.9054,6.11,75,0,0.51,clear sky
359,Akyab,MM,1619221655,20.15,92.9,26.46,86,11,2.64,few clouds
360,Awjilah,LY,1619221655,29.1081,21.2869,24.6,15,16,6.21,few clouds
361,Vani,GE,1619221656,42.0832,42.5216,14.0,47,0,4.12,clear sky
362,Salekhard,RU,1619221656,66.53,66.6019,-1.97,97,58,3.24,broken clouds
363,San Policarpo,PH,1619221656,12.1791,125.5072,27.68,77,100,3.39,overcast clouds
364,Luanda,AO,1619221204,-8.8368,13.2343,25.0,88,75,5.14,broken clouds
365,Prokudskoye,RU,1619221657,55.0089,82.4574,-3.0,68,0,2.0,clear sky
366,Tzucacab,MX,1619221657,20.0667,-89.05,28.03,50,98,3.04,overcast clouds
367,Shirgaon,IN,1619221657,19.7,72.7,27.11,61,100,0.97,overcast clouds
368,Akdepe,TM,1619221657,42.0551,59.3788,18.0,41,0,4.12,clear sky
369,Kushiro,JP,1619221658,42.975,144.3747,7.0,76,0,2.06,clear sky
370,Ca Mau,VN,1619221658,9.1769,105.15,26.56,82,99,1.57,overcast clouds
371,Harnosand,SE,1619221658,62.6323,17.9379,2.78,48,40,8.75,scattered clouds
372,San Patricio,US,1619221303,28.017,-97.5169,26.67,83,75,9.26,broken clouds
373,Sangueya,GN,1619221659,10.7,-14.3667,24.74,76,6,1.21,clear sky
374,Rio Grande City,US,1619221659,26.3798,-98.8203,31.67,72,67,5.36,broken clouds
375,Belmonte,BR,1619221326,-15.8631,-38.8828,26.0,69,0,3.09,clear sky
376,Hohhot,CN,1619221660,40.8106,111.6522,12.0,62,0,4.0,clear sky
378,Otuzco,PE,1619221662,-7.9,-78.5833,18.0,88,20,5.14,light rain
379,Smithers,CA,1619221663,54.7804,-127.1743,14.0,21,40,2.57,scattered clouds
380,Pak Thong Chai,TH,1619221664,14.7226,102.0251,28.89,94,50,2.38,scattered clouds
381,Roblin,CA,1619221585,51.23,-101.3565,1.53,32,97,5.2,overcast clouds
382,Maun,BW,1619221664,-19.9833,23.4167,18.0,55,0,2.06,clear sky
383,Birao,CF,1619221331,10.2849,22.7882,30.08,39,98,4.5,overcast clouds
384,Shelburne,CA,1619221640,44.0787,-80.2041,16.0,27,1,6.17,clear sky
385,Pozo Colorado,PY,1619221666,-23.4923,-58.7972,21.38,81,95,2.68,overcast clouds
386,Bowen,AU,1619221656,-20.0167,148.2333,21.0,94,75,4.63,light rain
387,Cairns,AU,1619221667,-16.9167,145.7667,26.11,78,75,5.14,broken clouds
388,Aranda De Duero,ES,1619221668,41.6704,-3.6892,9.31,81,98,4.21,overcast clouds
389,Santa Lucia,ES,1619221334,27.9117,-15.5407,21.0,68,75,5.66,broken clouds
390,Omboue,GA,1619221277,-1.5746,9.2618,25.56,89,96,2.13,overcast clouds
391,Iskateley,RU,1619221669,67.6803,53.1512,-0.8,91,49,1.99,scattered clouds
392,Manakara,MG,1619221669,-22.1333,48.0167,21.09,91,85,1.68,overcast clouds
393,Kindu,CD,1619221670,-2.95,25.95,20.67,98,99,0.29,overcast clouds
394,The Valley,AI,1619221404,18.217,-63.0578,27.0,78,20,4.63,few clouds
395,Coahuayana,MX,1619221660,18.7333,-103.6833,30.0,28,1,7.72,clear sky
396,Ilulissat,GL,1619221284,69.2167,-51.1,1.0,69,100,3.09,overcast clouds
397,Guaruja,BR,1619221670,-23.9931,-46.2564,23.89,26,39,3.29,scattered clouds
398,Lavrentiya,RU,1619221334,65.5833,-171.0,0.67,82,19,1.45,few clouds
399,Oksfjord,NO,1619221671,70.2396,22.3479,1.0,55,90,5.66,overcast clouds
400,Meulaboh,ID,1619221671,4.1363,96.1285,24.98,85,100,1.57,moderate rain
401,Bac Lieu,VN,1619221671,9.285,105.7244,27.63,77,100,2.81,overcast clouds
402,San Rafael,AR,1619221672,-34.6177,-68.3301,16.63,61,0,2.0,clear sky
403,Bhadasar,IN,1619221672,28.2833,74.3167,22.75,48,0,4.25,clear sky
404,La Palma,US,1619221602,33.8464,-118.0467,19.44,59,20,4.12,few clouds
405,La Rioja,ES,1619221672,42.25,-2.5,13.33,54,0,5.66,clear sky
406,Nadym,RU,1619221479,65.5333,72.5167,1.28,99,100,4.38,overcast clouds
407,Juneau,US,1619221672,58.3019,-134.4197,16.0,18,1,3.6,clear sky
408,Puerto Escondido,MX,1619221394,15.85,-97.0667,30.0,79,75,3.08,broken clouds
409,Havoysund,NO,1619221673,70.9963,24.6622,0.0,64,90,5.66,overcast clouds
410,Muisne,EC,1619221673,0.6,-80.0333,25.03,85,99,2.54,overcast clouds
411,Necaxa,MX,1619221673,20.2167,-98.0,24.62,54,100,0.97,overcast clouds
412,Salta,AR,1619221639,-24.7859,-65.4117,18.0,88,0,3.09,clear sky
414,Shakawe,BW,1619221481,-18.3667,21.85,15.89,45,2,2.64,clear sky
415,Acapulco,MX,1619221166,16.8634,-99.8901,29.0,65,90,6.69,overcast clouds
416,Zalantun,CN,1619221674,48.0,122.7167,6.79,24,89,3.15,overcast clouds
417,Wamba,NG,1619221674,8.9333,8.6,24.72,71,98,1.05,overcast clouds
418,Kysyl-Syr,RU,1619221674,63.8986,122.7617,-6.06,87,57,2.58,broken clouds
419,Mahon,ES,1619221297,39.8885,4.2658,12.0,94,40,1.54,scattered clouds
421,Sechura,PE,1619221415,-5.5569,-80.8222,23.67,63,6,7.46,clear sky
422,Ankpa,NG,1619221675,7.3706,7.6253,22.56,87,100,2.96,light rain
423,Vagur,FO,1619221675,61.4732,-6.8119,7.66,88,97,0.26,overcast clouds
424,Gravdal,NO,1619221408,68.1214,13.5031,1.84,53,86,6.82,overcast clouds
425,Evensk,RU,1619221676,61.95,159.2333,-0.02,98,100,6.04,snow
426,Moussoro,TD,1619221402,13.6408,16.4901,30.77,12,60,4.77,broken clouds
427,Poshekhonye,RU,1619221676,58.4993,39.1353,4.49,94,95,1.52,overcast clouds
428,Ilinskiy,RU,1619221676,55.619,38.1182,5.56,93,90,5.0,moderate rain
429,Coaraci,BR,1619221677,-14.6408,-39.5511,27.0,89,40,2.57,scattered clouds
430,Qaqortoq,GL,1619221295,60.7167,-46.0333,5.0,60,3,2.57,clear sky
431,Beloha,MG,1619221245,-25.1667,45.05,20.88,75,14,5.02,few clouds
432,Fort Nelson,CA,1619221307,58.8053,-122.7002,2.0,44,75,2.57,broken clouds
433,Kirkwall,GB,1619221677,58.9848,-2.9587,3.0,93,100,3.23,overcast clouds
434,Ayer Tawar,MY,1619221677,4.2954,100.7548,24.0,88,20,1.27,few clouds
435,Ereymentau,KZ,1619221678,51.6199,73.1033,-0.42,52,49,3.19,scattered clouds
436,Morondava,MG,1619221376,-20.2833,44.2833,23.88,78,0,2.61,clear sky
437,Mindelo,CV,1619221678,16.8901,-24.9804,21.0,68,20,10.29,few clouds
438,Stephenville,US,1619221678,32.2207,-98.2023,21.0,88,90,3.09,overcast clouds
439,Palmerston,AU,1619221500,-12.486,130.9833,27.78,47,0,5.14,clear sky
440,Iguape,BR,1619221679,-24.7081,-47.5553,20.88,85,19,2.07,few clouds
441,San Quintin,MX,1619221260,30.4833,-115.95,16.22,69,11,8.16,few clouds
442,Marrakesh,MA,1619221669,31.6315,-8.0083,18.0,63,87,3.09,overcast clouds
443,Caohai,CN,1619221679,26.8661,104.2841,14.44,77,47,2.83,scattered clouds
444,Touros,BR,1619221392,-5.1989,-35.4608,27.0,83,40,1.54,scattered clouds
445,Usinsk,RU,1619221679,65.9939,57.5281,-0.29,92,24,1.82,few clouds
446,Tarauaca,BR,1619221510,-8.1614,-70.7656,23.63,97,79,1.08,broken clouds
447,Valleyview,CA,1619221680,55.0667,-117.2859,5.0,20,81,2.57,broken clouds
448,Altamira,BR,1619221680,-3.2033,-52.2064,23.07,97,86,0.62,overcast clouds
449,Padilla,CO,1619221682,3.2204,-76.3139,20.47,93,77,1.59,broken clouds
450,Mykolayivka,UA,1619221682,47.5414,30.7561,4.44,86,18,3.86,few clouds
451,Komsomolskiy,UZ,1619221333,40.4272,71.7189,12.0,50,41,3.09,scattered clouds
452,Vostok,RU,1619221682,46.4856,135.8833,2.68,97,100,1.81,overcast clouds
453,Singkawang,ID,1619221683,0.9,109.0,26.03,78,68,1.82,broken clouds
454,Vestmannaeyjar,IS,1619221683,63.4427,-20.2734,7.95,89,100,8.08,overcast clouds
455,Ostrovnoy,RU,1619221296,68.0531,39.5131,0.18,95,100,10.9,light snow
456,Chagoda,RU,1619221683,59.164,35.3285,1.59,90,100,1.06,overcast clouds
457,Mitu,CO,1619221345,1.1983,-70.1733,23.35,96,77,0.18,moderate rain
458,Panguipulli,CL,1619221684,-39.6333,-72.3333,10.0,87,20,1.03,few clouds
459,Kon Tum,VN,1619221684,14.35,108.0,22.97,90,46,0.55,scattered clouds
460,Swift Current,CA,1619221504,50.2834,-107.8014,2.0,25,40,3.6,scattered clouds
461,Kelo,TD,1619221684,9.3086,15.8066,29.2,50,84,4.97,broken clouds
462,Yarada,IN,1619221626,17.65,83.2667,24.0,94,40,1.03,mist
463,Grand Gaube,MU,1619221293,-20.0064,57.6608,25.0,83,98,0.45,light rain
464,Riyadh,SA,1619221599,24.6877,46.7219,26.0,11,0,2.06,clear sky
465,Deep River,CA,1619221454,46.1001,-77.4995,16.0,27,1,5.14,clear sky
466,Xam Nua,LA,1619221685,20.4197,104.0439,23.44,68,2,0.94,clear sky
467,Vercheres,CA,1619221685,45.7834,-73.3492,15.0,26,60,4.63,broken clouds
468,Puerto Madryn,AR,1619221686,-42.7692,-65.0385,13.67,61,1,8.68,clear sky
469,Saint Stephen,GB,1619221686,50.3333,-4.9,11.0,50,99,8.75,overcast clouds
470,Atar,MR,1619221396,20.5169,-13.0499,26.76,13,0,2.49,clear sky
471,Banes,CU,1619221686,20.9625,-75.7186,28.0,65,20,8.23,few clouds
472,Jalu,LY,1619221687,29.0331,21.5482,23.95,15,3,6.07,clear sky
473,Ous,RU,1619221687,60.9058,61.5186,3.69,92,98,1.34,overcast clouds
474,Lishui,CN,1619221687,28.4604,119.9103,21.67,77,57,1.09,broken clouds
475,Monki,PL,1619221691,53.405,22.7979,-1.11,76,10,3.23,clear sky
476,Donskoye,RU,1619221691,45.4552,41.9741,10.0,71,0,3.0,light rain
477,Lorengau,PG,1619221276,-2.0226,147.2712,27.84,77,94,2.31,overcast clouds
478,Kargil,IN,1619221692,34.5667,76.1,-5.26,44,0,1.74,clear sky
479,Luena,AO,1619221692,-11.7833,19.9167,17.6,70,93,1.41,overcast clouds
480,Denpasar,ID,1619221465,-8.65,115.2167,25.0,78,20,1.54,few clouds
481,Betare Oya,CM,1619221692,5.6,14.0833,20.19,93,100,2.36,light rain
482,Namatanai,PG,1619221378,-3.6667,152.4333,27.57,74,99,1.34,light rain
483,Sinegorskiy,RU,1619221700,48.0139,40.8447,10.09,81,100,5.03,heavy intensity rain
484,Casino,AU,1619221700,-28.8667,153.05,17.22,72,0,2.57,clear sky
485,Svetlaya,RU,1619221700,46.5389,138.3297,5.2,84,100,5.25,overcast clouds
486,Verkhoyansk,RU,1619221324,67.5447,133.385,-9.74,81,68,1.27,broken clouds
487,Beyneu,KZ,1619221701,45.3167,55.2,9.65,84,9,5.31,clear sky
488,Lensk,RU,1619221701,60.7253,114.9278,1.57,87,97,5.38,overcast clouds
489,Tuzha,RU,1619221701,57.6062,47.936,5.31,91,29,2.91,scattered clouds
490,San Jose,US,1619221471,37.3394,-121.895,22.22,46,40,5.66,scattered clouds
491,Vallenar,CL,1619221702,-28.5708,-70.7581,15.17,72,76,0.73,broken clouds
492,Azare,NG,1619221702,11.6765,10.1948,30.15,13,66,2.46,broken clouds
493,Tessalit,ML,1619221387,20.1986,1.0114,29.72,7,0,3.49,clear sky
494,Alofi,NU,1619221357,-19.0595,-169.9187,29.0,79,13,5.14,few clouds
495,Petatlan,MX,1619221703,17.5167,-101.2667,30.0,58,40,3.09,scattered clouds
496,Maceio,BR,1619221606,-9.6658,-35.7353,24.0,94,0,1.54,clear sky
497,Two Hills,CA,1619221703,53.7169,-111.7518,3.0,28,100,6.69,overcast clouds
498,Puro,PH,1619221703,12.4841,123.3827,28.26,72,100,3.45,light rain
499,Vila Velha,BR,1619221631,-20.3297,-40.2925,25.0,73,75,3.09,broken clouds
500,Naryan-Mar,RU,1619221604,67.6713,53.087,-0.74,91,48,1.94,scattered clouds
501,Jaciara,BR,1619221624,-15.9653,-54.9683,21.53,57,4,0.97,clear sky
502,Mehamn,NO,1619221376,71.0357,27.8492,0.12,68,73,6.48,broken clouds
503,Picos,BR,1619221704,-7.0769,-41.4669,25.88,72,77,1.3,broken clouds
504,Senanga,ZM,1619221704,-16.1167,23.2667,19.21,47,51,1.92,broken clouds
505,Kondagaon,IN,1619221704,19.6,81.6667,22.89,27,33,1.07,scattered clouds
506,Taldan,RU,1619221705,53.6667,124.8,3.71,38,24,5.28,few clouds
507,Urengoy,RU,1619221705,65.9667,78.3667,1.04,99,100,5.57,light rain
508,Morgan City,US,1619221362,29.6994,-91.2068,21.0,88,90,6.17,overcast clouds
509,College,US,1619221025,64.8569,-147.8028,14.0,28,20,4.12,few clouds
510,Quatre Cocos,MU,1619221030,-20.2078,57.7625,26.0,78,40,4.12,light rain
511,Dawei,MM,1619221706,14.0833,98.2,26.46,86,99,0.51,overcast clouds
512,Ullapool,GB,1619221706,57.8987,-5.1604,5.0,92,100,0.89,overcast clouds
513,Ambilobe,MG,1619221263,-13.2,49.05,21.84,86,91,1.61,overcast clouds
514,Remontnoye,RU,1619221706,46.5614,43.6501,11.0,71,100,5.0,light rain
515,Saint-Denis,FR,1619221707,48.9167,2.3333,11.67,46,0,4.12,clear sky
516,Mayo,US,1619221377,38.8876,-76.5119,16.0,31,1,3.6,clear sky
517,Bogandinskiy,RU,1619221707,56.8937,65.8938,8.0,42,0,4.0,clear sky
518,Cap Malheureux,MU,1619221405,-19.9842,57.6142,25.0,83,98,0.45,light rain
519,Palmer,US,1619221285,42.1584,-72.3287,15.0,23,20,5.66,few clouds
520,Eyl,SO,1619221707,7.9803,49.8164,27.94,76,90,2.86,overcast clouds
521,Polson,US,1619221708,47.6936,-114.1632,8.33,75,86,0.45,overcast clouds
522,Damietta,EG,1619221708,31.4165,31.8133,18.0,88,0,4.63,clear sky
523,Soe,ID,1619221708,-9.8607,124.284,22.42,74,8,1.32,clear sky
524,Guerrero Negro,MX,1619221335,27.9769,-114.0611,16.97,67,8,9.94,clear sky
525,Menongue,AO,1619221709,-14.6585,17.691,15.27,59,64,1.17,broken clouds
526,Alcanede,PT,1619221709,39.415,-8.8219,14.44,94,90,5.81,overcast clouds
527,Alfatar,BG,1619221709,43.95,27.2833,8.33,79,47,0.45,scattered clouds
528,Villa Maria,AR,1619221709,-32.4075,-63.2402,18.89,96,90,1.79,overcast clouds
529,Christchurch,NZ,1619221523,-43.5333,172.6333,18.33,59,61,3.6,broken clouds
530,Vila Franca Do Campo,PT,1619221278,37.7167,-25.4333,15.0,63,75,6.17,broken clouds
531,Isabela,PH,1619221710,6.7085,121.9711,26.0,83,75,1.03,broken clouds
532,Shenzhen,CN,1619221710,22.5455,114.0683,26.67,92,26,3.76,scattered clouds
533,Kyzyl-Suu,KG,1619221711,42.3414,78.0056,0.64,44,16,3.78,few clouds
534,Bubaque,GW,1619221711,11.2833,-15.8333,25.47,71,3,7.73,clear sky
535,Catia La Mar,VE,1619221711,10.6038,-67.0303,26.32,86,79,4.19,broken clouds
536,Manapparai,IN,1619221711,10.6,78.4167,27.44,73,100,1.4,overcast clouds
537,Pangkalanbuun,ID,1619221712,-2.6833,111.6167,26.2,81,70,1.15,broken clouds
538,Bianzhuang,CN,1619221712,34.8486,118.0447,13.7,81,100,4.15,heavy intensity rain
539,Miraflores,MX,1619221712,19.2167,-98.8083,27.0,18,40,6.17,scattered clouds
540,Ust-Maya,RU,1619221713,60.4167,134.5333,-2.5,79,99,3.84,overcast clouds
541,Rizhao,CN,1619221713,35.4275,119.4553,12.04,88,100,5.43,overcast clouds
542,Agadez,NE,1619221713,19.75,10.25,29.76,14,46,3.54,scattered clouds
543,Bilibino,RU,1619221403,68.0546,166.4372,-4.68,80,97,1.54,overcast clouds
544,Naze,JP,1619221287,28.3667,129.4833,20.0,88,75,9.26,broken clouds
545,Turinsk,RU,1619221714,58.0458,63.696,7.19,87,100,3.28,light rain
546,Hillsborough,US,1619221661,37.5741,-122.3794,16.0,55,40,8.75,scattered clouds
547,Brae,GB,1619221714,60.3964,-1.353,7.0,81,75,0.84,broken clouds
548,Pereslavl-Zalesskiy,RU,1619221715,56.7393,38.8563,6.0,95,98,1.49,light rain
549,Nuevo Progreso,MX,1619221715,23.1667,-97.95,28.89,63,38,3.13,scattered clouds
550,Ferkessedougou,CI,1619221715,9.6,-5.2,28.44,44,78,1.75,broken clouds
552,Salalah,OM,1619221363,17.0151,54.0924,28.0,74,40,1.54,scattered clouds
553,Valdivia,CL,1619221716,-39.8142,-73.2459,10.0,87,20,1.03,moderate rain
